Measure;Preamble;Question;Options;Reverse_coded;Attention_check;ind
STICSA_T;"Below is a list of statements which can be used to describe how people feel. For each statement there are four answers which indicate how often each statement is true of you (e.g., not at all, very much so). Please read each statement carefully and select the answer which best indicates how often, <span class=""""bold_text"""">in general</span>, the statement is true of you.";1. My heart beats fast.;almost never,occasionally,often,almost always;0;0;0
STICSA_T;"Below is a list of statements which can be used to describe how people feel. For each statement there are four answers which indicate how often each statement is true of you (e.g., not at all, very much so). Please read each statement carefully and select the answer which best indicates how often, <span class=""""bold_text"""">in general</span>, the statement is true of you.";2. My muscles are tense.;almost never,occasionally,often,almost always;0;0;1
STICSA_T;"Below is a list of statements which can be used to describe how people feel. For each statement there are four answers which indicate how often each statement is true of you (e.g., not at all, very much so). Please read each statement carefully and select the answer which best indicates how often, <span class=""""bold_text"""">in general</span>, the statement is true of you.";3. I feel agonized over my problems.;almost never,occasionally,often,almost always;0;0;2
STICSA_T;"Below is a list of statements which can be used to describe how people feel. For each statement there are four answers which indicate how often each statement is true of you (e.g., not at all, very much so). Please read each statement carefully and select the answer which best indicates how often, <span class=""""bold_text"""">in general</span>, the statement is true of you.";4. I think that others won't approve of me.;almost never,occasionally,often,almost always;0;0;3
STICSA_T;"Below is a list of statements which can be used to describe how people feel. For each statement there are four answers which indicate how often each statement is true of you (e.g., not at all, very much so). Please read each statement carefully and select the answer which best indicates how often, <span class=""""bold_text"""">in general</span>, the statement is true of you.";5. I feel like I am missing out on things because I cannot make up my mind soon enough.;almost never,occasionally,often,almost always;0;0;4
STICSA_T;"Below is a list of statements which can be used to describe how people feel. For each statement there are four answers which indicate how often each statement is true of you (e.g., not at all, very much so). Please read each statement carefully and select the answer which best indicates how often, <span class=""""bold_text"""">in general</span>, the statement is true of you.";6. I feel dizzy.;almost never,occasionally,often,almost always;0;0;5
STICSA_T;"Below is a list of statements which can be used to describe how people feel. For each statement there are four answers which indicate how often each statement is true of you (e.g., not at all, very much so). Please read each statement carefully and select the answer which best indicates how often, <span class=""""bold_text"""">in general</span>, the statement is true of you.";7. My muscles feel weak.;almost never,occasionally,often,almost always;0;0;6
STICSA_T;"Below is a list of statements which can be used to describe how people feel. For each statement there are four answers which indicate how often each statement is true of you (e.g., not at all, very much so). Please read each statement carefully and select the answer which best indicates how often, <span class=""""bold_text"""">in general</span>, the statement is true of you.";8. I feel trembly and shaky.;almost never,occasionally,often,almost always;0;0;7
STICSA_T;"Below is a list of statements which can be used to describe how people feel. For each statement there are four answers which indicate how often each statement is true of you (e.g., not at all, very much so). Please read each statement carefully and select the answer which best indicates how often, <span class=""""bold_text"""">in general</span>, the statement is true of you.";9. I picture some future misfortune.;almost never,occasionally,often,almost always;0;0;8
STICSA_T;"Below is a list of statements which can be used to describe how people feel. For each statement there are four answers which indicate how often each statement is true of you (e.g., not at all, very much so). Please read each statement carefully and select the answer which best indicates how often, <span class=""""bold_text"""">in general</span>, the statement is true of you.";10. I know how to read and write.;almost never,occasionally,often,almost always;0;1;9
STICSA_T;"Below is a list of statements which can be used to describe how people feel. For each statement there are four answers which indicate how often each statement is true of you (e.g., not at all, very much so). Please read each statement carefully and select the answer which best indicates how often, <span class=""""bold_text"""">in general</span>, the statement is true of you.";11. I can't get some thought out of my mind.;almost never,occasionally,often,almost always;0;0;10
STICSA_T;"Below is a list of statements which can be used to describe how people feel. For each statement there are four answers which indicate how often each statement is true of you (e.g., not at all, very much so). Please read each statement carefully and select the answer which best indicates how often, <span class=""""bold_text"""">in general</span>, the statement is true of you.";12. I have trouble remembering things.;almost never,occasionally,often,almost always;0;0;11
STICSA_T;"Below is a list of statements which can be used to describe how people feel. For each statement there are four answers which indicate how often each statement is true of you (e.g., not at all, very much so). Please read each statement carefully and select the answer which best indicates how often, <span class=""""bold_text"""">in general</span>, the statement is true of you.";13. My face feels hot.;almost never,occasionally,often,almost always;0;0;12
STICSA_T;"Below is a list of statements which can be used to describe how people feel. For each statement there are four answers which indicate how often each statement is true of you (e.g., not at all, very much so). Please read each statement carefully and select the answer which best indicates how often, <span class=""""bold_text"""">in general</span>, the statement is true of you.";14. I think that the worst will happen.;almost never,occasionally,often,almost always;0;0;13
STICSA_T;"Below is a list of statements which can be used to describe how people feel. For each statement there are four answers which indicate how often each statement is true of you (e.g., not at all, very much so). Please read each statement carefully and select the answer which best indicates how often, <span class=""""bold_text"""">in general</span>, the statement is true of you.";15. My arms and legs feel stiff.;almost never,occasionally,often,almost always;0;0;14
STICSA_T;"Below is a list of statements which can be used to describe how people feel. For each statement there are four answers which indicate how often each statement is true of you (e.g., not at all, very much so). Please read each statement carefully and select the answer which best indicates how often, <span class=""""bold_text"""">in general</span>, the statement is true of you.";16. My throat feels dry.;almost never,occasionally,often,almost always;0;0;15
STICSA_T;"Below is a list of statements which can be used to describe how people feel. For each statement there are four answers which indicate how often each statement is true of you (e.g., not at all, very much so). Please read each statement carefully and select the answer which best indicates how often, <span class=""""bold_text"""">in general</span>, the statement is true of you.";17. I keep busy to avoid uncomfortable thoughts.;almost never,occasionally,often,almost always;0;0;16
STICSA_T;"Below is a list of statements which can be used to describe how people feel. For each statement there are four answers which indicate how often each statement is true of you (e.g., not at all, very much so). Please read each statement carefully and select the answer which best indicates how often, <span class=""""bold_text"""">in general</span>, the statement is true of you.";18. I cannot concentrate without irrelevant thoughts intruding.;almost never,occasionally,often,almost always;0;0;17
STICSA_T;"Below is a list of statements which can be used to describe how people feel. For each statement there are four answers which indicate how often each statement is true of you (e.g., not at all, very much so). Please read each statement carefully and select the answer which best indicates how often, <span class=""""bold_text"""">in general</span>, the statement is true of you.";19. My breathing is fast and shallow.;almost never,occasionally,often,almost always;0;0;18
STICSA_T;"Below is a list of statements which can be used to describe how people feel. For each statement there are four answers which indicate how often each statement is true of you (e.g., not at all, very much so). Please read each statement carefully and select the answer which best indicates how often, <span class=""""bold_text"""">in general</span>, the statement is true of you.";20. I worry that I cannot control my thoughts as well as I would like to.;almost never,occasionally,often,almost always;0;0;19
STICSA_T;"Below is a list of statements which can be used to describe how people feel. For each statement there are four answers which indicate how often each statement is true of you (e.g., not at all, very much so). Please read each statement carefully and select the answer which best indicates how often, <span class=""""bold_text"""">in general</span>, the statement is true of you.";21. I have butterflies in the stomach.;almost never,occasionally,often,almost always;0;0;20
STICSA_T;"Below is a list of statements which can be used to describe how people feel. For each statement there are four answers which indicate how often each statement is true of you (e.g., not at all, very much so). Please read each statement carefully and select the answer which best indicates how often, <span class=""""bold_text"""">in general</span>, the statement is true of you.";22. My palms feel clammy.;almost never,occasionally,often,almost always;0;0;21
IUS;Please select the answer that best corresponds to how much you agree with each item.;1. Unforeseen events upset me greatly.;Not at all characteristic of me, A little characteristic of me, Somewhat characteristic of me, Very characteristic of me, Entirely characteristic of me;0;0;0
IUS;Please select the answer that best corresponds to how much you agree with each item.;2. It frustrates me not having all the information I need.;Not at all characteristic of me, A little characteristic of me, Somewhat characteristic of me, Very characteristic of me, Entirely characteristic of me;0;0;1
IUS;Please select the answer that best corresponds to how much you agree with each item.;3. Uncertainty keeps me from living a full life.;Not at all characteristic of me, A little characteristic of me, Somewhat characteristic of me, Very characteristic of me, Entirely characteristic of me;0;0;2
IUS;Please select the answer that best corresponds to how much you agree with each item.;4. One should always look ahead so as to avoid surprises.;Not at all characteristic of me, A little characteristic of me, Somewhat characteristic of me, Very characteristic of me, Entirely characteristic of me;0;0;3
IUS;Please select the answer that best corresponds to how much you agree with each item.;5. A small unforeseen event can spoil everything, even with the best of planning.;Not at all characteristic of me, A little characteristic of me, Somewhat characteristic of me, Very characteristic of me, Entirely characteristic of me;0;0;4
IUS;Please select the answer that best corresponds to how much you agree with each item.;6. When it is time to act, uncertainty paralyses me.;Not at all characteristic of me, A little characteristic of me, Somewhat characteristic of me, Very characteristic of me, Entirely characteristic of me;0;0;5
IUS;Please select the answer that best corresponds to how much you agree with each item.;7. When I am uncertain I cannot function very well.;Not at all characteristic of me, A little characteristic of me, Somewhat characteristic of me, Very characteristic of me, Entirely characteristic of me;0;0;6
IUS;Please select the answer that best corresponds to how much you agree with each item.;8. I always answer these survey questions honestly.;Not at all characteristic of me, A little characteristic of me, Somewhat characteristic of me, Very characteristic of me, Entirely characteristic of me;0;1;7
IUS;Please select the answer that best corresponds to how much you agree with each item.;9. I always want to know what the future has in store for me.;Not at all characteristic of me, A little characteristic of me, Somewhat characteristic of me, Very characteristic of me, Entirely characteristic of me;0;0;8
IUS;Please select the answer that best corresponds to how much you agree with each item.;10. I cannot stand being taken by surprise.;Not at all characteristic of me, A little characteristic of me, Somewhat characteristic of me, Very characteristic of me, Entirely characteristic of me;0;0;9
IUS;Please select the answer that best corresponds to how much you agree with each item.;11. The smallest doubt can stop me from acting.;Not at all characteristic of me, A little characteristic of me, Somewhat characteristic of me, Very characteristic of me, Entirely characteristic of me;0;0;10
IUS;Please select the answer that best corresponds to how much you agree with each item.;12. I should be able to organize everything in advance.;Not at all characteristic of me, A little characteristic of me, Somewhat characteristic of me, Very characteristic of me, Entirely characteristic of me;0;0;11
IUS;Please select the answer that best corresponds to how much you agree with each item.;13. I must get away from all uncertain situations.;Not at all characteristic of me, A little characteristic of me, Somewhat characteristic of me, Very characteristic of me, Entirely characteristic of me;0;0;12
CAPE;Please select the answer that best describes you.;1. Do you ever feel sad?;Never, Sometimes, Often, Nearly always;0;0;0
CAPE;Please select the answer that best describes you.;2. Do you ever feel pessimistic about everything?;Never, Sometimes, Often, Nearly always;0;0;1
CAPE;Please select the answer that best describes you.;3. Do you ever feel as if there is no future for you?;Never, Sometimes, Often, Nearly always;0;0;2
CAPE;Please select the answer that best describes you.;4. Do you ever feel as if you do not want to live anymore?;Never, Sometimes, Often, Nearly always;0;0;3
CAPE;Please select the answer that best describes you.;5. Do you ever find yourself having more than two feet?;Never, Sometimes, Often, Nearly always;0;1;4
CAPE;Please select the answer that best describes you.;6. Do you ever cry about nothing?;Never, Sometimes, Often, Nearly always;0;0;5
CAPE;Please select the answer that best describes you.;7. Do you ever feel guilty?;Never, Sometimes, Often, Nearly always;0;0;6
CAPE;Please select the answer that best describes you.;8. Do you ever feel like a failure?;Never, Sometimes, Often, Nearly always;0;0;7
CAPE;Please select the answer that best describes you.;9. Do you ever feel tense?;Never, Sometimes, Often, Nearly always;0;0;8
PID;This is a list of things different people might say about themselves. We are interested in how you would describe yourself. Weíd like you to take your time and read each statement carefully, selecting the response that best describes you.;1. I worry about almost everything.;Very false or often false, Sometimes or somewhat false, Sometimes or somewhat true, Very true or often true;0;0;0
PID;This is a list of things different people might say about themselves. We are interested in how you would describe yourself. Weíd like you to take your time and read each statement carefully, selecting the response that best describes you.;2. I get emotional easily, often for very little reason.;Very false or often false, Sometimes or somewhat false, Sometimes or somewhat true, Very true or often true;0;0;1
PID;This is a list of things different people might say about themselves. We are interested in how you would describe yourself. Weíd like you to take your time and read each statement carefully, selecting the response that best describes you.;3. I fear being alone in life more than anything else.;Very false or often false, Sometimes or somewhat false, Sometimes or somewhat true, Very true or often true;0;0;2
PID;This is a list of things different people might say about themselves. We are interested in how you would describe yourself. Weíd like you to take your time and read each statement carefully, selecting the response that best describes you.;4. I get stuck on one way of doing things, even when it is clear it will not work.;Very false or often false, Sometimes or somewhat false, Sometimes or somewhat true, Very true or often true;0;0;3
PID;This is a list of things different people might say about themselves. We are interested in how you would describe yourself. Weíd like you to take your time and read each statement carefully, selecting the response that best describes you.;5. I get irritated easily by all sorts of things.;Very false or often false, Sometimes or somewhat false, Sometimes or somewhat true, Very true or often true;0;0;4
RRQ;For each of the statements please indicate your level of agreement or disagreement by clicking one of the scale categories.;1. My attention is often focused on aspects of myself I wish I'd stop thinking about.;Strongly disagree, Disagree, Neutral, Agree, Strongly agree;0;0;0
RRQ;For each of the statements please indicate your level of agreement or disagreement by clicking one of the scale categories.;"2. I always seem to be """"re-hashing"""" in my mind recent things I've said or done.";Strongly disagree, Disagree, Neutral, Agree, Strongly agree;0;0;1
RRQ;For each of the statements please indicate your level of agreement or disagreement by clicking one of the scale categories.;3. Sometimes it is hard for me to shut off thoughts about myself.;Strongly disagree, Disagree, Neutral, Agree, Strongly agree;0;0;2
RRQ;For each of the statements please indicate your level of agreement or disagreement by clicking one of the scale categories.;4. Long after an argument or disagreement is over with, my thoughts keep going back to what happened.;Strongly disagree, Disagree, Neutral, Agree, Strongly agree;0;0;3
RRQ;For each of the statements please indicate your level of agreement or disagreement by clicking one of the scale categories.;"5. I tend to """"ruminate"""" or dwell over things that happen to me for a really long time afterward.";Strongly disagree, Disagree, Neutral, Agree, Strongly agree;0;0;4
RRQ;For each of the statements please indicate your level of agreement or disagreement by clicking one of the scale categories.;6. I don't waste time re-thinking things that are over and done with.;Strongly disagree, Disagree, Neutral, Agree, Strongly agree;1;0;5
RRQ;For each of the statements please indicate your level of agreement or disagreement by clicking one of the scale categories.;7. Often I'm playing back over in my mind how I acted in a past situation.;Strongly disagree, Disagree, Neutral, Agree, Strongly agree;0;0;6
RRQ;For each of the statements please indicate your level of agreement or disagreement by clicking one of the scale categories.;8. I often find myself re-evaluating something I've done.;Strongly disagree, Disagree, Neutral, Agree, Strongly agree;0;0;7
RRQ;For each of the statements please indicate your level of agreement or disagreement by clicking one of the scale categories.;9. I never ruminate or dwell on myself for very long.;Strongly disagree, Disagree, Neutral, Agree, Strongly agree;1;0;8
RRQ;For each of the statements please indicate your level of agreement or disagreement by clicking one of the scale categories.;10. It is easy for me to put unwanted thoughts out of my mind.;Strongly disagree, Disagree, Neutral, Agree, Strongly agree;1;0;9
RRQ;For each of the statements please indicate your level of agreement or disagreement by clicking one of the scale categories.;11. I often reflect on episodes in my life that I should no longer concern myself with.;Strongly disagree, Disagree, Neutral, Agree, Strongly agree;0;0;10
RRQ;For each of the statements please indicate your level of agreement or disagreement by clicking one of the scale categories.;12. I spend a great deal of time thinking back over my embarrassing or disappointing moments.;Strongly disagree, Disagree, Neutral, Agree, Strongly agree;0;0;11
PSWQ;Choose the response that best describes how typical or characteristic each item is of you.;1. If I don’t have enough time to do everything, I don’t worry about it.;Not at all typical, Rarely typical, Somewhat typical, Often typical, Very typical;1;0;0
PSWQ;Choose the response that best describes how typical or characteristic each item is of you.;2. My worries overwhelm me.;Not at all typical, Rarely typical, Somewhat typical, Often typical, Very typical;0;0;1
PSWQ;Choose the response that best describes how typical or characteristic each item is of you.;3. I do not tend to worry about things.;Not at all typical, Rarely typical, Somewhat typical, Often typical, Very typical;1;0;2
PSWQ;Choose the response that best describes how typical or characteristic each item is of you.;4. Many situations make me worry.;Not at all typical, Rarely typical, Somewhat typical, Often typical, Very typical;0;0;3
PSWQ;Choose the response that best describes how typical or characteristic each item is of you.;5. I know I shouldn’t worry about things, but I just cannot help it.;Not at all typical, Rarely typical, Somewhat typical, Often typical, Very typical;0;0;4
PSWQ;Choose the response that best describes how typical or characteristic each item is of you.;6. When I am under pressure I worry a lot.;Not at all typical, Rarely typical, Somewhat typical, Often typical, Very typical;0;0;5
PSWQ;Choose the response that best describes how typical or characteristic each item is of you.;7. I am always worrying about something.;Not at all typical, Rarely typical, Somewhat typical, Often typical, Very typical;0;0;6
PSWQ;Choose the response that best describes how typical or characteristic each item is of you.;8. I find it easy to dismiss worrisome thoughts.;Not at all typical, Rarely typical, Somewhat typical, Often typical, Very typical;1;0;7
PSWQ;Choose the response that best describes how typical or characteristic each item is of you.;9. I find myself living on Mars.;Not at all typical, Rarely typical, Somewhat typical, Often typical, Very typical;0;1;8
PSWQ;Choose the response that best describes how typical or characteristic each item is of you.;10. As soon as I finish one task, I start to worry about everything else I have to do.;Not at all typical, Rarely typical, Somewhat typical, Often typical, Very typical;0;0;9
PSWQ;Choose the response that best describes how typical or characteristic each item is of you.;11. I never worry about anything.;Not at all typical, Rarely typical, Somewhat typical, Often typical, Very typical;1;0;10
PSWQ;Choose the response that best describes how typical or characteristic each item is of you.;12. When there is nothing more I can do about a concern, I don’t worry about it anymore. ;Not at all typical, Rarely typical, Somewhat typical, Often typical, Very typical;1;0;11
PSWQ;Choose the response that best describes how typical or characteristic each item is of you.;13. I’ve been a worrier all my life.;Not at all typical, Rarely typical, Somewhat typical, Often typical, Very typical;0;0;12
PSWQ;Choose the response that best describes how typical or characteristic each item is of you.;14. I notice that I have been worrying about things.;Not at all typical, Rarely typical, Somewhat typical, Often typical, Very typical;0;0;13
PSWQ;Choose the response that best describes how typical or characteristic each item is of you.;15. Once I start worrying, I can’t stop.;Not at all typical, Rarely typical, Somewhat typical, Often typical, Very typical;0;0;14
PSWQ;Choose the response that best describes how typical or characteristic each item is of you.;16. I worry all the time.;Not at all typical, Rarely typical, Somewhat typical, Often typical, Very typical;0;0;15
PSWQ;Choose the response that best describes how typical or characteristic each item is of you.;17. I worry about projects until they are done.;Not at all typical, Rarely typical, Somewhat typical, Often typical, Very typical;0;0;16
I_8;The following statements may apply more or less to you. To what extent do you think each statement applies to you personally?;1. Sometimes I do things impulsively that I should not do.;Does not apply at all, Rarely applies, Applies somewhat, Often applies, Applies completely;0;0;1
I_8;The following statements may apply more or less to you. To what extent do you think each statement applies to you personally?;2. I sometimes do things to cheer myself up that I later regret.;Does not apply at all, Rarely applies, Applies somewhat, Often applies, Applies completely;0;0;2
I_8;The following statements may apply more or less to you. To what extent do you think each statement applies to you personally?;3. I usually think carefully before I act.;Does not apply at all, Rarely applies, Applies somewhat, Often applies, Applies completely;0;0;3
I_8;The following statements may apply more or less to you. To what extent do you think each statement applies to you personally?;4. I usually consider things carefully and logically before I make up my mind.;Does not apply at all, Rarely applies, Applies somewhat, Often applies, Applies completely;0;0;4
I_8;The following statements may apply more or less to you. To what extent do you think each statement applies to you personally?;5. I always bring to an end what I have started.;Does not apply at all, Rarely applies, Applies somewhat, Often applies, Applies completely;0;0;5
I_8;The following statements may apply more or less to you. To what extent do you think each statement applies to you personally?;6. I plan my schedule so that I get everything done on time.;Does not apply at all, Rarely applies, Applies somewhat, Often applies, Applies completely;0;0;6
I_8;The following statements may apply more or less to you. To what extent do you think each statement applies to you personally?;7. I am willing to take risks.;Does not apply at all, Rarely applies, Applies somewhat, Often applies, Applies completely;0;0;7
I_8;The following statements may apply more or less to you. To what extent do you think each statement applies to you personally?;8. I am happy to take chances.;Does not apply at all, Rarely applies, Applies somewhat, Often applies, Applies completely;0;0;8
PID5_SF;Take your time and read each statement carefully, and select the response that best describes you;People would describe me as reckless.;Does not apply at all, Rarely applies, Applies somewhat, Often applies, Applies completely;0;0;1
PID5_SF;Take your time and read each statement carefully, and select the response that best describes you;I worry about almost everything.;Does not apply at all, Rarely applies, Applies somewhat, Often applies, Applies completely;0;0;1
PID5_SF;Take your time and read each statement carefully, and select the response that best describes you;I often feel like something awful is going to happen.;Does not apply at all, Rarely applies, Applies somewhat, Often applies, Applies completely;0;0;1
PID5_SF;Take your time and read each statement carefully, and select the response that best describes you;I often lose track of time.;Does not apply at all, Rarely applies, Applies somewhat, Often applies, Applies completely;0;0;1
PID5_SF;Take your time and read each statement carefully, and select the response that best describes you;I fear being alone in life more than anything else.;Does not apply at all, Rarely applies, Applies somewhat, Often applies, Applies completely;0;0;1
PID5_SF;Take your time and read each statement carefully, and select the response that best describes you;I use things like alcohol or drugs to help me feel better.;Does not apply at all, Rarely applies, Applies somewhat, Often applies, Applies completely;0;0;1
PID5_SF;Take your time and read each statement carefully, and select the response that best describes you;I often feel like nothing I do really matters.;Does not apply at all, Rarely applies, Applies somewhat, Often applies, Applies completely;0;0;1
PID5_SF;Take your time and read each statement carefully, and select the response that best describes you;Sometimes I do things impulsively that I should not do.;Does not apply at all, Rarely applies, Applies somewhat, Often applies, Applies completely;0;0;1
PID5_SF;Take your time and read each statement carefully, and select the response that best describes you;I often forget to pay bills or attend appointments.;Does not apply at all, Rarely applies, Applies somewhat, Often applies, Applies completely;0;0;1
PID5_SF;Take your time and read each statement carefully, and select the response that best describes you;I get emotional over every little thing.;Does not apply at all, Rarely applies, Applies somewhat, Often applies, Applies completely;0;0;1
PID5_SF;Take your time and read each statement carefully, and select the response that best describes you;I feel like I act totally on impulse.;Does not apply at all, Rarely applies, Applies somewhat, Often applies, Applies completely;0;0;1
PID5_SF;Take your time and read each statement carefully, and select the response that best describes you;I get irritated easily.;Does not apply at all, Rarely applies, Applies somewhat, Often applies, Applies completely;0;0;1
PID5_SF;Take your time and read each statement carefully, and select the response that best describes you;I often have thoughts that make sense to me but seem strange to others.;Does not apply at all, Rarely applies, Applies somewhat, Often applies, Applies completely;0;0;1
PID5_SF;Take your time and read each statement carefully, and select the response that best describes you;I am not good at planning ahead.;Does not apply at all, Rarely applies, Applies somewhat, Often applies, Applies completely;0;0;1
PID5_SF;Take your time and read each statement carefully, and select the response that best describes you;I have unusual experiences that others find hard to believe.;Does not apply at all, Rarely applies, Applies somewhat, Often applies, Applies completely;0;0;1
PID5_SF;Take your time and read each statement carefully, and select the response that best describes you;I get stuck on certain thoughts or ideas.;Does not apply at all, Rarely applies, Applies somewhat, Often applies, Applies completely;0;0;1
PID5_SF;Take your time and read each statement carefully, and select the response that best describes you;I often feel like I’m better than others.;Does not apply at all, Rarely applies, Applies somewhat, Often applies, Applies completely;0;0;1
PID5_SF;Take your time and read each statement carefully, and select the response that best describes you;I worry that people will leave me.;Does not apply at all, Rarely applies, Applies somewhat, Often applies, Applies completely;0;0;1
PID5_SF;Take your time and read each statement carefully, and select the response that best describes you;I get so excited that I can't focus on anything.;Does not apply at all, Rarely applies, Applies somewhat, Often applies, Applies completely;0;0;1
PID5_SF;Take your time and read each statement carefully, and select the response that best describes you;I often feel like others are watching me.;Does not apply at all, Rarely applies, Applies somewhat, Often applies, Applies completely;0;0;1
PID5_SF;Take your time and read each statement carefully, and select the response that best describes you;I have trouble changing my way of thinking.;Does not apply at all, Rarely applies, Applies somewhat, Often applies, Applies completely;0;0;1
PID5_SF;Take your time and read each statement carefully, and select the response that best describes you;I am not interested in getting to know other people.;Does not apply at all, Rarely applies, Applies somewhat, Often applies, Applies completely;0;0;1
PID5_SF;Take your time and read each statement carefully, and select the response that best describes you;I get angry at people easily.;Does not apply at all, Rarely applies, Applies somewhat, Often applies, Applies completely;0;0;1
PID5_SF;Take your time and read each statement carefully, and select the response that best describes you;I often feel as though nothing is real.;Does not apply at all, Rarely applies, Applies somewhat, Often applies, Applies completely;0;0;1
PID5_SF;Take your time and read each statement carefully, and select the response that best describes you;I keep myself away from people who might hurt me.;Does not apply at all, Rarely applies, Applies somewhat, Often applies, Applies completely;0;0;1
PID5_SF;Take your time and read each statement carefully, and select the response that best describes you;I often feel unhappy about who I am.;Does not apply at all, Rarely applies, Applies somewhat, Often applies, Applies completely;0;0;1
PID5_SF;Take your time and read each statement carefully, and select the response that best describes you;I am careless with my things.;Does not apply at all, Rarely applies, Applies somewhat, Often applies, Applies completely;0;0;1
PID5_SF;Take your time and read each statement carefully, and select the response that best describes you;I often see unusual connections between things.;Does not apply at all, Rarely applies, Applies somewhat, Often applies, Applies completely;0;0;1
PID5_SF;Take your time and read each statement carefully, and select the response that best describes you;I often worry that something bad will happen to me.;Does not apply at all, Rarely applies, Applies somewhat, Often applies, Applies completely;0;0;1
PID5_SF;Take your time and read each statement carefully, and select the response that best describes you;I usually do things without thinking.;Does not apply at all, Rarely applies, Applies somewhat, Often applies, Applies completely;0;0;1
PID5_SF;Take your time and read each statement carefully, and select the response that best describes you;I am not very confident in myself.;Does not apply at all, Rarely applies, Applies somewhat, Often applies, Applies completely;0;0;1
PID5_SF;Take your time and read each statement carefully, and select the response that best describes you;I worry a lot about bad things happening to me.;Does not apply at all, Rarely applies, Applies somewhat, Often applies, Applies completely;0;0;1
PID5_SF;Take your time and read each statement carefully, and select the response that best describes you;I often feel out of place or disconnected from the world around me.;Does not apply at all, Rarely applies, Applies somewhat, Often applies, Applies completely;0;0;1
PID5_SF;Take your time and read each statement carefully, and select the response that best describes you;I sometimes get so angry I lose control.;Does not apply at all, Rarely applies, Applies somewhat, Often applies, Applies completely;0;0;1
PID5_SF;Take your time and read each statement carefully, and select the response that best describes you;I often find it hard to concentrate.;Does not apply at all, Rarely applies, Applies somewhat, Often applies, Applies completely;0;0;1
PID5_SF;Take your time and read each statement carefully, and select the response that best describes you;I sometimes feel so detached from myself it’s like I’m not really there.;Does not apply at all, Rarely applies, Applies somewhat, Often applies, Applies completely;0;0;1
PID5_SF;Take your time and read each statement carefully, and select the response that best describes you;I rarely feel happy with who I am.;Does not apply at all, Rarely applies, Applies somewhat, Often applies, Applies completely;0;0;1
PID5_SF;Take your time and read each statement carefully, and select the response that best describes you;I don't plan ahead and just go with the flow.;Does not apply at all, Rarely applies, Applies somewhat, Often applies, Applies completely;0;0;1
PID5_SF;Take your time and read each statement carefully, and select the response that best describes you;I often feel paranoid that others are against me.;Does not apply at all, Rarely applies, Applies somewhat, Often applies, Applies completely;0;0;1
PID5_SF;Take your time and read each statement carefully, and select the response that best describes you;I feel empty inside even when good things happen.;Does not apply at all, Rarely applies, Applies somewhat, Often applies, Applies completely;0;0;1
PID5_SF;Take your time and read each statement carefully, and select the response that best describes you;I often feel uncomfortable around others.;Does not apply at all, Rarely applies, Applies somewhat, Often applies, Applies completely;0;0;1
PID5_SF;Take your time and read each statement carefully, and select the response that best describes you;I don’t have much interest in sex.;Does not apply at all, Rarely applies, Applies somewhat, Often applies, Applies completely;0;0;1
PID5_SF;Take your time and read each statement carefully, and select the response that best describes you;I feel overwhelmed by emotions.;Does not apply at all, Rarely applies, Applies somewhat, Often applies, Applies completely;0;0;1
PID5_SF;Take your time and read each statement carefully, and select the response that best describes you;I often see hidden meanings others don’t.;Does not apply at all, Rarely applies, Applies somewhat, Often applies, Applies completely;0;0;1
PID5_SF;Take your time and read each statement carefully, and select the response that best describes you;I often feel isolated and alone.;Does not apply at all, Rarely applies, Applies somewhat, Often applies, Applies completely;0;0;1
PID5_SF;Take your time and read each statement carefully, and select the response that best describes you;I have difficulty managing my emotions.;Does not apply at all, Rarely applies, Applies somewhat, Often applies, Applies completely;0;0;1
PID5_SF;Take your time and read each statement carefully, and select the response that best describes you;I’m often unsure about what’s real and what’s not.;Does not apply at all, Rarely applies, Applies somewhat, Often applies, Applies completely;0;0;1
PID5_SF;Take your time and read each statement carefully, and select the response that best describes you;I don’t care if people get hurt by what I say.;Does not apply at all, Rarely applies, Applies somewhat, Often applies, Applies completely;0;0;1
PID5_SF;Take your time and read each statement carefully, and select the response that best describes you;I often make decisions that I later regret.;Does not apply at all, Rarely applies, Applies somewhat, Often applies, Applies completely;0;0;1
PID5_SF;Take your time and read each statement carefully, and select the response that best describes you;I sometimes feel as though other people are controlling me.;Does not apply at all, Rarely applies, Applies somewhat, Often applies, Applies completely;0;0;1
PID5_SF;Take your time and read each statement carefully, and select the response that best describes you;I have trouble staying focused on tasks.;Does not apply at all, Rarely applies, Applies somewhat, Often applies, Applies completely;0;0;1
PID5_SF;Take your time and read each statement carefully, and select the response that best describes you;I don’t care about other people’s feelings.;Does not apply at all, Rarely applies, Applies somewhat, Often applies, Applies completely;0;0;1
PID5_SF;Take your time and read each statement carefully, and select the response that best describes you;I often speak or act without thinking.;Does not apply at all, Rarely applies, Applies somewhat, Often applies, Applies completely;0;0;1
PID5_SF;Take your time and read each statement carefully, and select the response that best describes you;I often think that things around me aren’t real.;Does not apply at all, Rarely applies, Applies somewhat, Often applies, Applies completely;0;0;1
PID5_SF;Take your time and read each statement carefully, and select the response that best describes you;I often worry that people are out to get me.;Does not apply at all, Rarely applies, Applies somewhat, Often applies, Applies completely;0;0;1
PID5_SF;Take your time and read each statement carefully, and select the response that best describes you;I don’t pay attention to details.;Does not apply at all, Rarely applies, Applies somewhat, Often applies, Applies completely;0;0;1
PID5_SF;Take your time and read each statement carefully, and select the response that best describes you;I rarely feel anything at all.;Does not apply at all, Rarely applies, Applies somewhat, Often applies, Applies completely;0;0;1
PID5_SF;Take your time and read each statement carefully, and select the response that best describes you;I avoid social situations whenever possible.;Does not apply at all, Rarely applies, Applies somewhat, Often applies, Applies completely;0;0;1
PID5_SF;Take your time and read each statement carefully, and select the response that best describes you;I’m often rude to others without realizing it.;Does not apply at all, Rarely applies, Applies somewhat, Often applies, Applies completely;0;0;1
PID5_SF;Take your time and read each statement carefully, and select the response that best describes you;I often find social situations confusing.;Does not apply at all, Rarely applies, Applies somewhat, Often applies, Applies completely;0;0;1
PID5_SF;Take your time and read each statement carefully, and select the response that best describes you;I rarely notice how my actions affect others.;Does not apply at all, Rarely applies, Applies somewhat, Often applies, Applies completely;0;0;1  
PID5_SF;Take your time and read each statement carefully, and select the response that best describes you;I often zone out and lose track of what’s happening.;Does not apply at all, Rarely applies, Applies somewhat, Often applies, Applies completely;0;0;1  
PID5_SF;Take your time and read each statement carefully, and select the response that best describes you;I often feel like I don’t belong anywhere.;Does not apply at all, Rarely applies, Applies somewhat, Often applies, Applies completely;0;0;1  
PID5_SF;Take your time and read each statement carefully, and select the response that best describes you;I rarely prepare for things ahead of time.;Does not apply at all, Rarely applies, Applies somewhat, Often applies, Applies completely;0;0;1  
PID5_SF;Take your time and read each statement carefully, and select the response that best describes you;I often say things without considering how others will feel.;Does not apply at all, Rarely applies, Applies somewhat, Often applies, Applies completely;0;0;1  
PID5_SF;Take your time and read each statement carefully, and select the response that best describes you;I avoid relationships to protect myself.;Does not apply at all, Rarely applies, Applies somewhat, Often applies, Applies completely;0;0;1  
PID5_SF;Take your time and read each statement carefully, and select the response that best describes you;I find it hard to experience joy.;Does not apply at all, Rarely applies, Applies somewhat, Often applies, Applies completely;0;0;1  
PID5_SF;Take your time and read each statement carefully, and select the response that best describes you;I often misplace things or forget where I put them.;Does not apply at all, Rarely applies, Applies somewhat, Often applies, Applies completely;0;0;1  
PID5_SF;Take your time and read each statement carefully, and select the response that best describes you;I feel like my thoughts and actions are not my own.;Does not apply at all, Rarely applies, Applies somewhat, Often applies, Applies completely;0;0;1  
PID5_SF;Take your time and read each statement carefully, and select the response that best describes you;I often worry people will abandon me.;Does not apply at all, Rarely applies, Applies somewhat, Often applies, Applies completely;0;0;1  
PID5_SF;Take your time and read each statement carefully, and select the response that best describes you;I find it difficult to keep my things organized.;Does not apply at all, Rarely applies, Applies somewhat, Often applies, Applies completely;0;0;1  
PID5_SF;Take your time and read each statement carefully, and select the response that best describes you;I often feel emotionally numb.;Does not apply at all, Rarely applies, Applies somewhat, Often applies, Applies completely;0;0;1  
PID5_SF;Take your time and read each statement carefully, and select the response that best describes you;I often mistrust people’s intentions.;Does not apply at all, Rarely applies, Applies somewhat, Often applies, Applies completely;0;0;1  
PID5_SF;Take your time and read each statement carefully, and select the response that best describes you;I don’t enjoy being around others.;Does not apply at all, Rarely applies, Applies somewhat, Often applies, Applies completely;0;0;1  
PID5_SF;Take your time and read each statement carefully, and select the response that best describes you;I often feel disconnected from myself.;Does not apply at all, Rarely applies, Applies somewhat, Often applies, Applies completely;0;0;1  
PID5_SF;Take your time and read each statement carefully, and select the response that best describes you;I often act without thinking about the consequences.;Does not apply at all, Rarely applies, Applies somewhat, Often applies, Applies completely;0;0;1  
PID5_SF;Take your time and read each statement carefully, and select the response that best describes you;I usually avoid situations where I have to interact with people.;Does not apply at all, Rarely applies, Applies somewhat, Often applies, Applies completely;0;0;1  
PID5_SF;Take your time and read each statement carefully, and select the response that best describes you;I find it hard to feel close to other people.;Does not apply at all, Rarely applies, Applies somewhat, Often applies, Applies completely;0;0;1  
PID5_SF;Take your time and read each statement carefully, and select the response that best describes you;I often say or do things that surprise people.;Does not apply at all, Rarely applies, Applies somewhat, Often applies, Applies completely;0;0;1  
PID5_SF;Take your time and read each statement carefully, and select the response that best describes you;I feel uneasy in social situations.;Does not apply at all, Rarely applies, Applies somewhat, Often applies, Applies completely;0;0;1  
PID5_SF;Take your time and read each statement carefully, and select the response that best describes you;I often feel like people are trying to deceive me.;Does not apply at all, Rarely applies, Applies somewhat, Often applies, Applies completely;0;0;1  
PID5_SF;Take your time and read each statement carefully, and select the response that best describes you;I rarely feel connected to others.;Does not apply at all, Rarely applies, Applies somewhat, Often applies, Applies completely;0;0;1  
PID5_SF;Take your time and read each statement carefully, and select the response that best describes you;I often feel like I’m being watched.;Does not apply at all, Rarely applies, Applies somewhat, Often applies, Applies completely;0;0;1  
PID5_SF;Take your time and read each statement carefully, and select the response that best describes you;I often feel like I’m not in control of my own thoughts.;Does not apply at all, Rarely applies, Applies somewhat, Often applies, Applies completely;0;0;1  
PID5_SF;Take your time and read each statement carefully, and select the response that best describes you;I often stretch the truth to get what I want.;Does not apply at all, Rarely applies, Applies somewhat, Often applies, Applies completely;0;0;1  
PID5_SF;Take your time and read each statement carefully, and select the response that best describes you;I find it easy to take advantage of others.;Does not apply at all, Rarely applies, Applies somewhat, Often applies, Applies completely;0;0;1  
PID5_SF;Take your time and read each statement carefully, and select the response that best describes you;I often feel like my surroundings are unreal.;Does not apply at all, Rarely applies, Applies somewhat, Often applies, Applies completely;0;0;1  
PID5_SF;Take your time and read each statement carefully, and select the response that best describes you;I enjoy being the center of attention.;Does not apply at all, Rarely applies, Applies somewhat, Often applies, Applies completely;0;0;1  
PID5_SF;Take your time and read each statement carefully, and select the response that best describes you;I believe I deserve special treatment.;Does not apply at all, Rarely applies, Applies somewhat, Often applies, Applies completely;0;0;1  
PID5_SF;Take your time and read each statement carefully, and select the response that best describes you;I often feel suspicious even of close friends.;Does not apply at all, Rarely applies, Applies somewhat, Often applies, Applies completely;0;0;1  
PID5_SF;Take your time and read each statement carefully, and select the response that best describes you;I crave attention from others.;Does not apply at all, Rarely applies, Applies somewhat, Often applies, Applies completely;0;0;1  
PID5_SF;Take your time and read each statement carefully, and select the response that best describes you;I often feel like someone is removing thoughts from my head.;Does not apply at all, Rarely applies, Applies somewhat, Often applies, Applies completely;0;0;1  
PID5_SF;Take your time and read each statement carefully, and select the response that best describes you;I insist on perfection even when it’s not necessary.;Does not apply at all, Rarely applies, Applies somewhat, Often applies, Applies completely;0;0;1  
PID5_SF;Take your time and read each statement carefully, and select the response that best describes you;I often feel like I’m better than others.;Does not apply at all, Rarely applies, Applies somewhat, Often applies, Applies completely;0;0;1  
PID5_SF;Take your time and read each statement carefully, and select the response that best describes you;I get distracted easily by small things.;Does not apply at all, Rarely applies, Applies somewhat, Often applies, Applies completely;0;0;1  
PID5_SF;Take your time and read each statement carefully, and select the response that best describes you;I often do what others want me to do.;Does not apply at all, Rarely applies, Applies somewhat, Often applies, Applies completely;0;0;1  
PID5_SF;Take your time and read each statement carefully, and select the response that best describes you;I prefer being alone rather than in a romantic relationship.;Does not apply at all, Rarely applies, Applies somewhat, Often applies, Applies completely;0;0;1  
PID5_SF;Take your time and read each statement carefully, and select the response that best describes you;I often think in ways that others find strange.;Does not apply at all, Rarely applies, Applies somewhat, Often applies, Applies completely;0;0;1  
PID5_SF;Take your time and read each statement carefully, and select the response that best describes you;I use people to get what I want.;Does not apply at all, Rarely applies, Applies somewhat, Often applies, Applies completely;0;0;1  
PID5_SF;Take your time and read each statement carefully, and select the response that best describes you;I’ve had some very unusual experiences.;Does not apply at all, Rarely applies, Applies somewhat, Often applies, Applies completely;0;0;1  
PID5_BF;Take your time and read each statement carefully, and select the response that best describes you. Note that there is no wrong or right answer. So you can describe yourself as honestly as possible, we will keep your responses confidential;People would describe me as reckless.;Very False or Often False, Sometimes or Somewhat False, Sometimes or Somewhat True, Very True or Often True;0;0;1
PID5_BF;Take your time and read each statement carefully, and select the response that best describes you. Note that there is no wrong or right answer. So you can describe yourself as honestly as possible, we will keep your responses confidential;I feel like I act totally on impulse.;Very False or Often False, Sometimes or Somewhat False, Sometimes or Somewhat True, Very True or Often True;0;0;1
PID5_BF;Take your time and read each statement carefully, and select the response that best describes you. Note that there is no wrong or right answer. So you can describe yourself as honestly as possible, we will keep your responses confidential;Even though I know better, I can’t stop making rash decisions.;Very False or Often False, Sometimes or Somewhat False, Sometimes or Somewhat True, Very True or Often True;0;0;1
PID5_BF;Take your time and read each statement carefully, and select the response that best describes you. Note that there is no wrong or right answer. So you can describe yourself as honestly as possible, we will keep your responses confidential;I often feel like nothing I do really matters.;Very False or Often False, Sometimes or Somewhat False, Sometimes or Somewhat True, Very True or Often True;0;0;1
PID5_BF;Take your time and read each statement carefully, and select the response that best describes you. Note that there is no wrong or right answer. So you can describe yourself as honestly as possible, we will keep your responses confidential;Others see me as irresponsible.;Very False or Often False, Sometimes or Somewhat False, Sometimes or Somewhat True, Very True or Often True;0;0;1
PID5_BF;Take your time and read each statement carefully, and select the response that best describes you. Note that there is no wrong or right answer. So you can describe yourself as honestly as possible, we will keep your responses confidential;I’m not good at planning ahead.;Very False or Often False, Sometimes or Somewhat False, Sometimes or Somewhat True, Very True or Often True;0;0;1
PID5_BF;Take your time and read each statement carefully, and select the response that best describes you. Note that there is no wrong or right answer. So you can describe yourself as honestly as possible, we will keep your responses confidential;My thoughts often don’t make sense to others.;Very False or Often False, Sometimes or Somewhat False, Sometimes or Somewhat True, Very True or Often True;0;0;1
PID5_BF;Take your time and read each statement carefully, and select the response that best describes you. Note that there is no wrong or right answer. So you can describe yourself as honestly as possible, we will keep your responses confidential;I worry about almost everything.;Very False or Often False, Sometimes or Somewhat False, Sometimes or Somewhat True, Very True or Often True;0;0;1
PID5_BF;Take your time and read each statement carefully, and select the response that best describes you. Note that there is no wrong or right answer. So you can describe yourself as honestly as possible, we will keep your responses confidential;I get emotional easily, often for very little reason.;Very False or Often False, Sometimes or Somewhat False, Sometimes or Somewhat True, Very True or Often True;0;0;1
PID5_BF;Take your time and read each statement carefully, and select the response that best describes you. Note that there is no wrong or right answer. So you can describe yourself as honestly as possible, we will keep your responses confidential;I fear being alone in life more than anything else.;Very False or Often False, Sometimes or Somewhat False, Sometimes or Somewhat True, Very True or Often True;0;0;1
PID5_BF;Take your time and read each statement carefully, and select the response that best describes you. Note that there is no wrong or right answer. So you can describe yourself as honestly as possible, we will keep your responses confidential;I get stuck on one way of doing things, even when it’s clear it won’t work.;Very False or Often False, Sometimes or Somewhat False, Sometimes or Somewhat True, Very True or Often True;0;0;1
PID5_BF;Take your time and read each statement carefully, and select the response that best describes you. Note that there is no wrong or right answer. So you can describe yourself as honestly as possible, we will keep your responses confidential;I have seen things that weren’t really there.;Very False or Often False, Sometimes or Somewhat False, Sometimes or Somewhat True, Very True or Often True;0;0;1
PID5_BF;Take your time and read each statement carefully, and select the response that best describes you. Note that there is no wrong or right answer. So you can describe yourself as honestly as possible, we will keep your responses confidential;I steer clear of romantic relationships.;Very False or Often False, Sometimes or Somewhat False, Sometimes or Somewhat True, Very True or Often True;0;0;1
PID5_BF;Take your time and read each statement carefully, and select the response that best describes you. Note that there is no wrong or right answer. So you can describe yourself as honestly as possible, we will keep your responses confidential;I’m not interested in making friends.;Very False or Often False, Sometimes or Somewhat False, Sometimes or Somewhat True, Very True or Often True;0;0;1
PID5_BF;Take your time and read each statement carefully, and select the response that best describes you. Note that there is no wrong or right answer. So you can describe yourself as honestly as possible, we will keep your responses confidential;I get irritated easily by all sorts of things.;Very False or Often False, Sometimes or Somewhat False, Sometimes or Somewhat True, Very True or Often True;0;0;1
PID5_BF;Take your time and read each statement carefully, and select the response that best describes you. Note that there is no wrong or right answer. So you can describe yourself as honestly as possible, we will keep your responses confidential;I don’t like to get too close to people.;Very False or Often False, Sometimes or Somewhat False, Sometimes or Somewhat True, Very True or Often True;0;0;1
PID5_BF;Take your time and read each statement carefully, and select the response that best describes you. Note that there is no wrong or right answer. So you can describe yourself as honestly as possible, we will keep your responses confidential;It’s no big deal if I hurt other peoples’ feelings.;Very False or Often False, Sometimes or Somewhat False, Sometimes or Somewhat True, Very True or Often True;0;0;1
PID5_BF;Take your time and read each statement carefully, and select the response that best describes you. Note that there is no wrong or right answer. So you can describe yourself as honestly as possible, we will keep your responses confidential;I rarely get enthusiastic about anything.;Very False or Often False, Sometimes or Somewhat False, Sometimes or Somewhat True, Very True or Often True;0;0;1
PID5_BF;Take your time and read each statement carefully, and select the response that best describes you. Note that there is no wrong or right answer. So you can describe yourself as honestly as possible, we will keep your responses confidential;I crave attention.;Very False or Often False, Sometimes or Somewhat False, Sometimes or Somewhat True, Very True or Often True;0;0;1
PID5_BF;Take your time and read each statement carefully, and select the response that best describes you. Note that there is no wrong or right answer. So you can describe yourself as honestly as possible, we will keep your responses confidential;I often have to deal with people who are less important than me.;Very False or Often False, Sometimes or Somewhat False, Sometimes or Somewhat True, Very True or Often True;0;0;1
PID5_BF;Take your time and read each statement carefully, and select the response that best describes you. Note that there is no wrong or right answer. So you can describe yourself as honestly as possible, we will keep your responses confidential;I often have thoughts that make sense to me but that other people say are strange.;Very False or Often False, Sometimes or Somewhat False, Sometimes or Somewhat True, Very True or Often True;0;0;1
PID5_BF;Take your time and read each statement carefully, and select the response that best describes you. Note that there is no wrong or right answer. So you can describe yourself as honestly as possible, we will keep your responses confidential;I use people to get what I want.;Very False or Often False, Sometimes or Somewhat False, Sometimes or Somewhat True, Very True or Often True;0;0;1
PID5_BF;Take your time and read each statement carefully, and select the response that best describes you. Note that there is no wrong or right answer. So you can describe yourself as honestly as possible, we will keep your responses confidential;I often “zone out” and then suddenly come to and realize that a lot of time has passed.;Very False or Often False, Sometimes or Somewhat False, Sometimes or Somewhat True, Very True or Often True;0;0;1
PID5_BF;Take your time and read each statement carefully, and select the response that best describes you. Note that there is no wrong or right answer. So you can describe yourself as honestly as possible, we will keep your responses confidential;Things around me often feel unreal, or more real than usual.;Very False or Often False, Sometimes or Somewhat False, Sometimes or Somewhat True, Very True or Often True;0;0;1
PID5_BF;Take your time and read each statement carefully, and select the response that best describes you. Note that there is no wrong or right answer. So you can describe yourself as honestly as possible, we will keep your responses confidential;It is easy for me to take advantage of others.;Very False or Often False, Sometimes or Somewhat False, Sometimes or Somewhat True, Very True or Often True;0;0;1
BIG5_SF;For each statement, indicate how much you agree with this. I see myself as someone who ...;worries a lot.;Strongly disagree, Disagree, Somewhat disagree, Neither agree nor disagree, Somewhat agree, Agree, Strongly agree;0;0;1
BIG5_SF;For each statement, indicate how much you agree with this. I see myself as someone who ...;gets nervous easily.;Strongly disagree, Disagree, Somewhat disagree, Neither agree nor disagree, Somewhat agree, Agree, Strongly agree;0;0;1
BIG5_SF;For each statement, indicate how much you agree with this. I see myself as someone who ...;remains calm in tense situations.;Strongly disagree, Disagree, Somewhat disagree, Neither agree nor disagree, Somewhat agree, Agree, Strongly agree;0;0;1
BIG5_SF;For each statement, indicate how much you agree with this. I see myself as someone who ...;is talkative.;Strongly disagree, Disagree, Somewhat disagree, Neither agree nor disagree, Somewhat agree, Agree, Strongly agree;0;0;1
BIG5_SF;For each statement, indicate how much you agree with this. I see myself as someone who ...;is outgoing, sociable.;Strongly disagree, Disagree, Somewhat disagree, Neither agree nor disagree, Somewhat agree, Agree, Strongly agree;0;0;1
BIG5_SF;For each statement, indicate how much you agree with this. I see myself as someone who ...;is reserved.;Strongly disagree, Disagree, Somewhat disagree, Neither agree nor disagree, Somewhat agree, Agree, Strongly agree;0;0;1
BIG5_SF;For each statement, indicate how much you agree with this. I see myself as someone who ...;is original, comes up with new ideas.;Strongly disagree, Disagree, Somewhat disagree, Neither agree nor disagree, Somewhat agree, Agree, Strongly agree;0;0;1
BIG5_SF;For each statement, indicate how much you agree with this. I see myself as someone who ...;values artistic, aesthetic experiences.;Strongly disagree, Disagree, Somewhat disagree, Neither agree nor disagree, Somewhat agree, Agree, Strongly agree;0;0;1
BIG5_SF;For each statement, indicate how much you agree with this. I see myself as someone who ...;has an active imagination.;Strongly disagree, Disagree, Somewhat disagree, Neither agree nor disagree, Somewhat agree, Agree, Strongly agree;0;0;1
BIG5_SF;For each statement, indicate how much you agree with this. I see myself as someone who ...;is sometimes rude to others.;Strongly disagree, Disagree, Somewhat disagree, Neither agree nor disagree, Somewhat agree, Agree, Strongly agree;0;0;1
BIG5_SF;For each statement, indicate how much you agree with this. I see myself as someone who ...;has a forgiving nature.;Strongly disagree, Disagree, Somewhat disagree, Neither agree nor disagree, Somewhat agree, Agree, Strongly agree;0;0;1
BIG5_SF;For each statement, indicate how much you agree with this. I see myself as someone who ...;is considerate and kind to almost everyone.;Strongly disagree, Disagree, Somewhat disagree, Neither agree nor disagree, Somewhat agree, Agree, Strongly agree;0;0;1
BIG5_SF;For each statement, indicate how much you agree with this. I see myself as someone who ...;does a thorough job.;Strongly disagree, Disagree, Somewhat disagree, Neither agree nor disagree, Somewhat agree, Agree, Strongly agree;0;0;1
BIG5_SF;For each statement, indicate how much you agree with this. I see myself as someone who ...;tends to be lazy.;Strongly disagree, Disagree, Somewhat disagree, Neither agree nor disagree, Somewhat agree, Agree, Strongly agree;0;0;1
BIG5_SF;For each statement, indicate how much you agree with this. I see myself as someone who ...;does things efficiently.;Strongly disagree, Disagree, Somewhat disagree, Neither agree nor disagree, Somewhat agree, Agree, Strongly agree;0;0;1
